<?xml version="1.0" encoding="UTF-8"?>
<!DOCTYPE collection SYSTEM "collection.dtd">
<collection>
 <head>
  <title>Letter Collection of the University of Leiden</title>
 </head>
 <body>
  <letter>
   <author>Sijthoff, Albertus Willem</author>
   <recipient>Hensbroek, Pieter Andreas Martin Boele van</recipient>
   <place>Feldafing</place>
   <year>1910</year>
   <language>Dutch</language>
   <annotations>
    <note>Minute</note>
    <note>Also available in microform</note>
   </annotations>
   <callnumber>SYT A 1910</callnumber>
  </letter>
  <letter>
   <author>Fuhri, Koenraad </author>
   <recipient>Kruseman, Arie Cornelis </recipient>
   <year>1858</year>
   <language>Dutch</language>
   <annotations>
    <note>Also available in microform</note>
   </annotations>
   <callnumber>LTK 1795 14</callnumber>
  </letter>
  <letter>
   <author>De Erven F. Bohn</author>
   <recipient>William Blackwood &amp; Sons</recipient>
   <place>Haarlem</place>
   <year>1873</year>
   <language>English</language>
   <annotations>
    <note>Minute</note>
    <note>Also available in microform</note>
   </annotations>
   <callnumber>fol. 306</callnumber>
  </letter>
  <letter>
   <author>De Erven F. Bohn</author>
   <recipient>Lytton, Lord</recipient>
   <place>Haarlem</place>
   <year>1873</year>
   <language>English</language>
   <annotations>
    <note>Minute</note>
    <note>Also available in microform</note>
   </annotations>
   <callnumber>fol. 307, 315, 322</callnumber>
  </letter>
  <letter>
   <author>Blackwood, William </author>
   <recipient>Tiele, Cornelis Petrus </recipient>
   <place>Edinburgh</place>
   <year>1899</year>
   <language>English</language>
   <annotations>
    <note>Minute</note>
    <note>Also available in microform</note>
   </annotations>
   <callnumber>BPL 2709 D 2</callnumber>
  </letter>
  <letter>
   <author>De Erven F. Bohn,</author>
   <recipient>Sampson Low, Marston and Company, London</recipient>
   <place>Haarlem</place>
   <year>1881</year>
   <language>English</language>
   <annotations>
    <note>Minute</note>
    <note>Also available in microform</note>
   </annotations>
   <callnumber>fol. 208</callnumber>
  </letter>
  <letter>
   <author>Suringar, Gerard Tjaard Nicolaas</author>
   <recipient>Kruseman, Arie Cornelis</recipient>
   <place>Leeuwarden</place>
   <year>1855</year>
   <language>Dutch</language>
   <callnumber>LTK 1509 1</callnumber>
  </letter>
  <letter>
   <author>Muller, Frederik</author>
   <recipient>Tideman, Jan</recipient>
   <place>Amsterdam</place>
   <year>1842</year>
   <language>Dutch</language>
   <annotations>
    <note>Contains a copy of a letter writtern by J. Tideman</note>
    <note>Also available in microform</note>
   </annotations>
   <callnumber>LTK 1515 1</callnumber>
  </letter>
  <letter>
   <author>Muller, Frederik</author>
   <recipient>Sijthoff, Albertus Willem</recipient>
   <place>Amsterdam</place>
   <year>1855</year>
   <language>Dutch</language>
   <annotations>
    <note>Also available in microform</note>
   </annotations>
   <callnumber>SYT A 1855</callnumber>
  </letter>
  <letter>
   <author>Antheunis-Conscience</author>
   <recipient>Sijthoff, Albertus Willem</recipient>
   <place>Brussel</place>
   <year>1910</year>
   <language>Dutch</language>
   <annotations>
    <note>Also available in microform</note>
   </annotations>
   <callnumber>SYT A 1910</callnumber>
  </letter>
  <letter>
   <author>Hamel, J.A. van </author>
   <recipient>Sijthoff, Albertus Willem</recipient>
   <place>Leiden</place>
   <year>1908</year>
   <language>Dutch</language>
   <annotations>
    <note>Also available in microform</note>
   </annotations>
   <callnumber>SYT A 1908</callnumber>
  </letter>
  <letter>
   <author>Hawkshaw, John</author>
   <recipient>Tideman, Jan</recipient>
   <place>London</place>
   <year>1862</year>
   <language>English</language>
   <annotations>
    <note>Also available in microform</note>
   </annotations>
   <callnumber>LTK 1515 2</callnumber>
  </letter>
  <letter>
   <author>Harting, P. </author>
   <recipient>Muller, Jacob Wijbrand</recipient>
   <place>London</place>
   <year>1922</year>
   <language>English</language>
   <callnumber>ZZL 1507 B 22</callnumber>
  </letter>
  <letter>
   <author>Muller, Frederik</author>
   <recipient>Sijthoff, Albertus Willem</recipient>
   <place>Amsterdam</place>
   <year>1855</year>
   <language>Dutch</language>
   <annotations>
    <note>Also available in microform</note>
   </annotations>
   <callnumber>SYT A 1855</callnumber>
  </letter>
  <letter>
   <author>Butz, Kilian</author>
   <recipient>Kraus, Fritz Rudolf </recipient>
   <place>Penzberg</place>
   <year>1975</year>
   <language>German</language>
   <callnumber>BPL 3273 1</callnumber>
  </letter>
  <letter>
   <author>Gamillscheg, Ernst</author>
   <recipient>Huizinga, Johan</recipient>
   <place>Berlin</place>
   <year>1937</year>
   <language>German</language>
   <callnumber>HUI 88</callnumber>
  </letter>
  <letter>
   <author>Wirth, Herman Felix</author>
   <recipient>De Erven F. Bohn</recipient>
   <place>Berlin</place>
   <year>1912</year>
   <language>Dutch</language>
   <annotations>
    <note>Also available in microform</note>
   </annotations>
   <callnumber>BOH C 199</callnumber>
  </letter>
  <letter>
   <author>Behrend, Fritz</author>
   <recipient>Vreese, Willem Lodewijk de</recipient>
   <place>Berlin</place>
   <year>1911</year>
   <language>German</language>
   <annotations>
    <note>Also available in microform</note>
   </annotations>
   <callnumber>BPL 3460 1</callnumber>
  </letter>
  <letter>
   <author>Schneider, Lina</author>
   <recipient>Tiele, Cornelis Petrus</recipient>
   <place>Cologne</place>
   <year>1887</year>
   <language>German</language>
   <callnumber>SYT A 1855</callnumber>
  </letter>
  <letter>
   <author>Laufer, Berthold</author>
   <recipient>Schmeltz, Johannes Diederich Eduard</recipient>
   <place>Cologne</place>
   <year>1898</year>
   <language>German</language>
   <callnumber>BPL 2710</callnumber>
  </letter>
 </body>
</collection>
