<?xml version="1.0" encoding="UTF-8"?>
<!DOCTYPE EU  [  
<!ELEMENT EU ( country )+>
<!ELEMENT country (name, capital )> 
<!ELEMENT name (#PCDATA)> 
<!ELEMENT capital (#PCDATA)> 
]>
<EU>
    <country>
        <name> Belgium </name>
        <capital>Brussels</capital>
    </country>
    <country>
        <name>Cyprus </name>
        <capital>Nicosia</capital>
    </country>
    <country>
        <name>Denmark </name>
        <capital>Copenhagen</capital>
    </country>
    <country>
        <name>Germany </name>
        <capital>Berlin</capital>
    </country>
    <country>
        <name>Estonia </name>
        <capital>Riga</capital>
    </country>
    <country>
        <name> Finland </name>
        <capital>Helsinki</capital>
    </country>
    <country>
        <name>France </name>
        <capital>Paris</capital>
    </country>
    <country>
        <name>Greece</name>
        <capital>Athens</capital>
    </country>
    <country>
        <name>Hungary</name>
        <capital>Budapest</capital>
    </country>
    <country>
        <name> Ireland </name>
        <capital>Dublin</capital>
    </country>
    <country>
        <name> Italy </name>
        <capital>Rome</capital>
    </country>
    <country>
        <name> Latvia</name>
        <capital>Taillin</capital>
    </country>
    <country>
        <name> Lithuania </name>
        <capital>Vilnius</capital>
    </country>
    <country>
        <name> Luxemburg </name>
        <capital>Luxemburg</capital>
    </country>
    <country>
        <name>Malta </name>
        <capital>Valetta</capital>
    </country>
    <country>
        <name>Netherlands</name>
        <capital>Amsterdam</capital>
    </country>
    <country>
        <name>Austria </name>
        <capital>Vienna</capital>
    </country>
    <country>
        <name>Poland </name>
        <capital>Warsaw</capital>
    </country>
    <country>
        <name>Portugal </name>
        <capital>Lisbon</capital>
    </country>
    <country>
        <name>Slovenia </name>
        <capital>Belgrade</capital>
    </country>
    <country>
        <name>Slovakia </name>
        <capital>Bratislava</capital>
    </country>
    <country>
        <name>Spain </name>
        <capital>Madrid</capital>
    </country>
    <country>
        <name>Czech Republic </name>
        <capital>Prague</capital>
    </country>
    <country>
        <name> United Kingdom</name>
        <capital>London</capital>
    </country>
    <country>
        <name> Sweden </name>
        <capital>Oslo</capital>
    </country>
    <country>
        <name>Romania</name>
        <capital>Bucharest</capital>
    </country>
    <country>
        <name>Bulgaria</name>
        <capital>Sofia</capital>
    </country>
</EU>
