<?xml version="1.0" encoding="UTF-8"?>
<!DOCTYPE poem [
<!ELEMENT title (#PCDATA)>
<!ELEMENT head ( author)*>
<!ELEMENT line (#PCDATA)>
<!ELEMENT poem ( head , body) >
<!ELEMENT linegroup (  line)*>
<!ELEMENT body (  title | linegroup)*>
<!ELEMENT author (#PCDATA)> ]>

<poem>
 <head>
        <author>Louis MacNeice</author>
    </head>
<body>   
    <title>Snow</title>
    <linegroup>
        <line>The room was suddenly rich and the great bay-window was</line>
        <line>Spawning snow and pink roses against it</line>
        <line>Soundlessly collateral and incompatible:</line>
        <line>World is suddener than we fancy it.</line>
    </linegroup>
    <linegroup>
        <line>World is crazier and more of it than we think,</line>
        <line>Incorrigibly plural. I peel and portion</line>
        <line>A tangerine and spit the pips and feel</line>
        <line>The drunkenness of things being various.</line>
    </linegroup>
    <linegroup>
        <line>And the fire flames with a bubbling sound for world</line>
        <line>Is more spiteful and gay than one supposes -</line>
        <line>On the tongue on the eyes on the ears in the palms of one's hands -</line>
        <line>There is more than glass between the snow and the huge roses.</line>
    </linegroup>
</body>
</poem>
